<?xml version="1.0" encoding="UTF-8"?>
<addon id="plugin.video.quantum" version="0.0.7b" name="Quantum Video Add-on" provider-name="Kuneguri">
<requires>
  <import addon="xbmc.python" version="2.25.0"/>
  <import addon="script.module.requests" />
</requires>
<extension point="xbmc.python.pluginsource" library="quantum.py">
  <provides>video</provides>
</extension>
<extension point="xbmc.addon.metadata">
    <summary lang="en">Quantum - Video Add-on
        Just another Video add-on written by a lazy fella who wants to watch things online
    </summary>
    <description lang="en_GB">In the future, it should provide a centralized option for watching Movies, TV Shows and Animes (and whatever else) via new modules. For now, it has only one provider (masteranime.es) for animes. But hey, it works for me so that is a win :).
    </description>
    <disclaimer lang="en">The author is not responsible for the use of this addon. The author is not responsible for the content found using this addon. The author does not host or own any content found within this addon.
        The author is in no way affiliated with Kodi, Team Kodi, or the XBMC Foundation.
        This is a Non-profit resource, organized solely for educational purposes which is protected under the Fair-Use doctrine of the Copyright Act, Specifically section 107, which does promote freedom of expression, by permitting the unlicensed use of copyright-protected works.
    </disclaimer>
    <assets>
        <icon>resources/images/icon.png</icon>
        <fanart>resources/images/fanart.png</fanart>
        <screenshot>resources/images/anime01.jpg</screenshot>
        <screenshot>resources/images/anime02.jpg</screenshot>
        <screenshot>resources/images/anime03.jpg</screenshot>
  </assets>
  <news>- m3u8 download and play "feature"...
      - Minor fixes due to website change...
        - Play from temp dir</news>
</extension>
</addon>
